id	Figure	segment 1	segement 2	segment 3	segment 4	segment 5	segment 6	segment 7	segment 8	Duration 1	Duration 2	Duration 3	Duration 4	Duration 5	Duration 6	Duration 7	Duration 8	Trigger 1	Trigger 2	Trigger 3	Trigger 4	Trigger 5	Trigger 6	Trigger 7	Trigger 8
1	test.png	Tim loopt 's middags door de supermarkt. Op zijn lijstje staat van alles om zelf een verjaardagstaart te maken. Wanneer hij alles heeft gevonden gaat hij naar de kassa. Voor hem in het gangpad loopt een oudere vrouw. Ze is duidelijk ook onderweg naar de kassa, maar ze loopt minder snel dan Tim. Het gangpad is niet zo heel breed en er komt iemand van de andere kant aanlopen.	Tim houdt netjes zijn pas in en laat de oude dame voor gaan in de rij, hij heeft tenslotte geen haast.	Later die dag is hij bezig de taart te bakken, hij staat in de oven. Hij viert vandaag zijn verjaardag en heeft iedereen eigengemaakte taart beloofd. Tim staat niet bepaald bekend om zijn culinaire hoogstandjes. Een aantal van zijn vrienden en familie reageerde dan ook nogal sceptisch. Het is nu een kwestie van eer geworden dat deze taart goed lukt.	Tim	is 	blij	wanneer de cake uiteindelijk	perfect uit de oven komt	18000	5000	15000	500	250	500	2000	2000	1	16	17	18	19	20	21	22
2	test.png	Kim stapt raartekens middags in de tram naar huis. Ze checkt in met haar pas en loopt door naar achter om een plaatsje te zoeken. Achter Kim stapt ook nog een vrouw in, ze loopt achter haar aan. Ze is hoogzwanger en volgt Kim verder de tram in. Kim ziet achterin nog raartekenraartekenn vrije zitplaats en stevent er op af. Voordat Kim de zitplaats bereikt begint de tram schokkend weer te rijden.	Kim bedenkt zich niet en stapt opzij zodat de zwangere vrouw rustig kan gaan zitten in de slingerende tram.	Eenmaal thuis neemt Kim de stapel post door. Er zit een zoveelste brief bij van de belastingdienst. Ze is al maanden bezig om haar aanslag gecorrigeerd te krijgen. De belastingdienst heeft een fout gemaakt en weigert die te herstellen. Ze hoopt dat het eindelijk is opgelost, ze heeft er genoeg van.	Kim	is 	opgewekt	wanneer blijkt dat haar aanslag	nu eindelijk wel klopt	18000	5000	15000	500	250	500	2000	2000	2	16	17	18	19	20	21	22
3	test.png	Tom loopt naar huis van de supermarkt aan de overkant van de straat. Hij heeft raartekenraartekenn tas met boodschappen, maar die weegt niet zoveel. Met zijn vrije hand opent hij de zware portiekdeur van de flat. Achter hem loopt een vrouw met twee tassen, ze heeft moeite met het gewicht. Tom herkent haar en weet dat ze ook de flat in moet. Hij stopt even in de deuropening en denkt na wat te doen.	Hij wacht rustig tot ze er is en houdt de deur vriendelijk voor haar open, wat ze zichtbaar op prijs stelt.	Later die dag wil Tom een afspraak maken bij de dokter. Hij zoekt het nummer op en pakt de telefoon. Hij wil al een hele tijd een afspraak maken vanwege een zere knie. Tom is echter zo druk dat hij vaak geen zin heeft om te bellen, het wachten duurt altijd zo lang. Hij moet eigenlijk al weer de deur uit, maar wil toch even snel bellen.	Tom	is 	verrast	wanneer de telefoon over gaat	en hij gelijk de assistente krijgt	18000	5000	15000	500	250	500	2000	2000	3	16	17	80	19	20	21	22
4	test.png	Mark rent snel terug richting het eigen doel na de gefaalde aanval. De tegenstander heeft net de bal terugveroverd. Zijn team heeft moeite met terugschakelen naar verdedigen. Over de flank krijgt de spits van de tegenstander een geweldige lange pass. Mark sprint om hem af te snijden op weg naar het doel. Mark zet een tackle in en beseft zich meteen dat hij veel te hard in heeft gezet.	Mark trekt zijn been gauw in omdat hij niemand wil verwonden, ook al kan daardoor de aanval wel doorgaan.	De bal komt bij de keeper terecht en die speelt Mark aan. Mark neemt de bal aan en begint een solo actie langs de lijn. Hij passeert twee man en een derde komt veel te laat aan rennen. Mark trekt naar binnen richting de zestien meter van de tegenstander. Zijn teamgenoten zijn nog niet mee naar voren en dus legt Mark zelf aan om uit te halen.	Mark	is 	trots	als hij aanlegt om te schieten	en de keeper passeert en scoort	18000	5000	15000	500	250	500	2000	2000	4	16	17	18	19	20	21	22
5	test.png	Eva loopt snel over het plein richting het station. Ze gaat vandaag naar Haarlem voor een sollicitatiegesprek. Ze heeft zich goed voorbereid en is ruim op tijd van huis gegaan. Vlakbij de ingang naar de stationshal staat een zwerver te bedelen. Wanneer Eva langsloopt, houdt hij een papieren bekertje omhoog met wat kleingeld erin. De man kijkt hoopvol hoe Eva in haar broekzak graaft.	Eva vist wat muntgeld op en gooit dit in het bekertje van de zwerver, ze geeft altijd wat ze kan missen.	Ze loopt snel door en kijkt op het bord welk spoor ze moet hebben. Ze ziet dat er over 2 minuten een trein gaat en zet het op een rennen. Als ze deze trein kan halen, dan komt ze sowieso op tijd. Het is druk in de tunnel naar de sporen en Eva moet steeds uitwijken. Eindelijk bereikt ze de trap en sprint met drie treden per keer naar boven. 	Eva	is 	dankbaar	als de conducteur haar ziet rennen	en vriendelijk even op haar wacht	18000	5000	15000	500	250	500	2000	2000	5	16	17	18	19	20	21	22
6	test.png	Anna staat aan de kassa bij de supermarkt. Terwijl de kassiraartekenre de laatste boodschappen scant, pakt ze zoveel mogelijk in. Nadat ze het laatste artikel heeft gescand noemt ze het bedrag. Anna betaalt met 50 euro en de kassiraartekenre geeft haar wisselgeld terug. Anna ziet meteen dat ze haar veel te veel wisselgeld geeft. Ze weet dat kassiraartekenres flink problemen kunnen krijgen bij een kasverschil.	Anna wijst haar er dan ook vriendelijk op dat ze een fout heeft gemaakt, ze wil niet dat ze ontslagen wordt.	Na de supermarkt gaat ze ook nog even naar de boekwinkel. Ze moet echter opschieten want haar parkeerkaartje verloopt zo. Bij de boekwinkel kan ze niet gelijk vinden wat ze zoekt. Ze vraagt het de eigenaar en die helpt haar het boek te vinden. Anna rekent af en loopt, zo snel als ze kan met alle tassen, naar de parkeerplaats, ze is nu echt te laat.	Anna	wordt	vrolijk	als de parkeerwachter haar ziet 	en besluit de boete te verscheuren	18000	5000	15000	500	250	500	2000	2000	6	16	17	18	19	20	21	22
7	test.png	Mike is op weg naar de sportschool op een doordeweekse avond. Het begint net wat te schemeren en het regent gestaag. Hij steekt over bij de stoplichten en gaat de hoek om. Aan het eind van de straat ziet hij mensen in en uit lopen bij de sportschool. Aan de overkant van de straat fietst een oudere vrouw de andere kant op. Mike ziet hoe ze plots begint te slingeren en met fiets en al omvalt.	Mike bedenkt zich niet en rent er naar toe en helpt haar overeind, ze mankeert niks maar is blij met de hulp.	Eenmaal in de sportschool kleedt Mike zich om. Dan loopt hij snel naar de loopbanden, waar het altijd druk is. De loopbanden staan boven en halverwege de trap ziet hij dat zijn veter los zit. Hij bukt zich om deze te strikken en haast zich dan verder naar boven. Hij ziet dat er nog eentje vrij is, maar een andere man loopt ook op de band af.	Mike	is 	dankbaar	wanneer de man die ook wil rennen	hem vriendelijk voor laat gaan	18000	5000	15000	500	250	500	2000	2000	7	16	17	18	19	20	21	22
8	test.png	Emma loopt over de Dam richting de Kalverstraat. Ze moet een verjaardagscadeautje halen voor een vriend. Het is gelukkig niet heel druk, maar het loopt al tegen sluitingstijd. Op de hoek van de Kalverstraat zit een blinde straatmuzikant. Hij speelt de sterren van de hemel en zingt met een doorleefde stem. Op de gitaarhoes voor hem ligt al heel wat kleingeld en zelfs een paar briefjes.	Emma heeft alleen een tientje, maar de muzikant is zo goed dat ze het hem gunt, hij kan het vast gebruiken.	Later die week is de verjaardag waarvoor ze op pad was. Er zijn al gauw 25 mensen en het feestje is in volle gang. Emma kent echter niet veel van de mensen die er zijn, en bekenden zijn er nog niet. Ze probeert zich in het gesprek van een groepje naast zich te mengen. Emma gaat erbij staan en wanneer een stilte valt doet ze ook een duit in het zakje.	Emma	voelt	blijdschap	opkomen wanneer het groepje	haar gelijk welkom doet voelen	18000	5000	15000	500	250	500	2000	2000	8	16	17	18	19	20	21	22
9	test.png	Bart stapt uit de auto en loopt richting het uitvaartcentrum. Hij is hier met een paar andere mensen van het werk voor de uitvaart van een collega. Hij kende de man niet goed, maar sommigen van zijn collega's waren wel close. Hij zoekt samen met zijn collega's een plekje achterin. De dienst begint en na het eerste nummer spreekt zijn vrouw. Een collega van Bart begint zachtjes te huilen.	Bart slaat een arm om haar heen om haar te troosten en haar steun te bieden, wat ze duidelijk op prijs stelt.	Een week later heeft Bart een belangrijke afspraak met zijn manager. Een vervroegd kwartaalgesprek om zijn functioneren te evalueren. Bart heeft geen redenen om te denken dat zijn manager iets te klagen zou hebben. Maar zo'n gesprek is toch altijd spannend en stressvol. Als ze eenmaal zitten en de beleefdheden hebben gehad, steekt zijn manager van wal.	Bart	is 	opgelucht	Wanneer zijn manager hem vertelt	dat hij een promotie en opslag krijgt	18000	5000	15000	500	250	500	2000	2000	9	16	17	18	19	20	21	22
10	test.png	Ilse staat te wachten bij de pinautomaat. Er staat raartekenraartekenn man voor haar en niemand achter haar. Terwijl ze wacht kijkt Ilse wat op haar telefoon en bedenkt hoeveel geld ze op zal nemen. Vanuit haar ooghoek ziet Ilse dat de man voor haar bijna klaar is. Ilse stopt haar telefoon weg en pakt haar portemonnee. Als de man wegloopt, ziet Ilse een briefje van 50 vallen maar de man heeft niks door.	Ilse roept de man gauw na en pakt het briefje van 50 op om terug te geven, de man bedankt Ilse uitvoerig.	Later die avond is Ilse onderweg naar huis. Ze bedenkt zich ineens dat ze niks meer voor het ontbijt in huis heeft. Ze kijkt hoe laat het is en gaat meteen wat sneller lopen. Er is gelukkig een Albert Heijn vlakbij, maar die gaat al bijna dicht. Als Ilse de hoek om loopt ziet ze hoe een medewerker een bord binnenhaalt en ze gaat nog sneller lopen.	Ilse	is 	dankbaar	wanneer de medewerker haar ziet	en toch nog even snel binnenlaat 	18000	5000	15000	500	250	500	2000	2000	10	16	17	18	19	20	21	22
11	test.png	Koen rijdt met de auto door de binnenstad. Het is druk op de weg en er komt een onoverzichtelijke kruising aan. Fietsers en auto's moeten hier de trambaan over vanwege werkzaamheden. Een oudere man op de fiets wankelt onzeker de trambaan op. Het is duidelijk dat de man in de war is en niet goed weet wat hij moet doen. De man komt bijna volledig tot stilstand recht voor Koen zijn auto.	Koen stapt uit om de man veilig naar de overkant te loodsen, terwijl hij de toeterende auto's tot stilte maant.	Drie straten verder slaat Koen rechstaf richting zijn appartement. Hij parkeert een straat verderop waar bijna altijd wel plaats is. Koen zet de motor af en graait zijn tas van de achterbank. Nadat Koen de auto op slot heeft gedaan zwaait hij zijn tas over zijn schouder. Bij de entree van zijn gebouw ziet hij vanuit zijn ooghoek iemand aan komen lopen.	Koen	is 	uitzinnnig	wanneer de jongen op hem afloopt	en zijn sleutels gevonden blijkt te hebben	18000	5000	15000	500	250	500	2000	2000	11	16	17	18	19	20	21	22
12	test.png	Bram is op stap met een groepje vrienden. Ze kennen elkaar nog van hun studietijd en spreken af en toe af. Bram heeft al een aantal biertjes op en de rest heeft hem ook aardig zitten. Op een gegeven moment besluiten ze naar de volgende kroeg te gaan. Voor de ingang van de kroeg staat een groepje kerels te roken. Een van Bram zijn vrienden loopt op ze af en begint ruzie te zoeken.	Bram blijft kalm en springt er tussen, hij dwingt zijn vriend excuus te maken voordat de boel kan escaleren.	Daarna is de avond snel afgelopen en gaat Bram naar zijn fiets. Zijn fiets staat helemaal aan de andere kant van het centrum. Het is ondertussen drie uur geweest en hij wil niets liever dan slapen. Het schiet Bram ineens te binnen dat hij zijn fiets helemaal niet op slot heeft gezet. Hij graaft in zijn zakken en kan de sleutel nergens vinden.	Bram	is 	gelukkig	als hij aankomt waar hij zijn fiets had staan	en ziet dat deze er gewoon nog staat	18000	5000	15000	500	250	500	2000	2000	12	16	17	18	19	20	21	22
13	test.png	Nina staat 's ochtends vroeg op en komt gelijk in actie. Ze gaat vandaag weer naar huis en ze wil nog winkelen voor ze vliegt. Ze heeft in het huis van vrienden van vrienden gezeten. Ze kent ze verder niet, maar ze hebben haar gratis laten logeren. Nina komt de keuken binnen en trekt de koelkast open. Het lampje springt niet aan en Nina komt er achter dat er een stop is gesprongen.	Nina besluit dat winkelen minder belangrijk is en laat een electriciraartekenn komen die ze vervolgens zelf betaalt.	Later die dag rent Nina beladen met al haar bagage naar de trein. Ze springt net op tijd in de trein richting het vliegveld. De trein vertrekt op tijd maar tien minuten later staan ze ineens stil tussen de weilanden. Nina begint zich zorgen te maken dat ze te laat gaat komen. Een uur later dan gepland komt de trein eindelijk aan op schiphol.	Nina	is 	opgelucht	als ze aankomt op het vliegveld en	blijkt dat haar vlucht ook vertraagd is	18000	5000	15000	500	250	500	2000	2000	13	16	17	18	19	20	21	22
14	test.png	Inge zit 's middags in de trein op weg naar Groningen. Het is ontzettend rustig in de trein sinds Zwolle. Er zitten naast Inge maar vier mensen in de hele coupraarteken. Er zit een man in de vierzits aan de overzijde van het gangpad een boek te lezen. Wanneer de trein weer stopt staat de man op om uit te stappen. Ineens ziet Inge dat de man een tas onder de bank heeft laten staan.	Inge springt gauw overeind en weet de man nog net voordat de deuren sluiten zijn tas te overhandigen.	Eenmaal in Groningen aangekomen pakt Inge de bus richting Oranjewijk. Ze logeert bij een vriendin en ze gaan naar een concert in de Oosterpoort vandaag. De bus doet er iets langer over dan normaal, maar Inge heeft geen haast. Ze stapt uit en loopt de laatste vijf minuten naar haar huis. Vlak voor ze aanbelt, gaat haar telefoon en ze neemt op.	Inge	voelt	vreugde	wanneer ze te horen krijgt 	dat haar bod op een huis is geaccepteerd	18000	5000	15000	500	250	500	2000	2000	14	16	17	18	19	20	21	22
15	test.png	Kevin loopt 's avonds naar het huis van zijn ouders. Hij is bij een vriend geweest die hij niet heeft gezien sinds hij is verhuisd. Het is schemerig en het is een eind lopen, maar dat vindt Kevin niet erg. Het is fijn om weer door bekende straten te slenteren. Verderop ziet Kevin een gedaante op vier poten uit de bosjes komen. Het is een gewonde hond die zacht jankt en naar hem toe loopt.	Kevin belt gauw de dierenambulance en aait het beestje en stelt hem gerust terwijl hij op de ambulance wacht.	Eenmaal thuis na het incident met de hond gaat Kevin direct naar bed. De volgende dag staat hij vroeg op om nog wat mensen op te zoeken. Hij leent de auto van zijn ouders omdat sommige buiten de stad wonen. Halverwege, midden tussen de weilanden, houdt de motor er mee op. Na 20 minuten wachten langs de weg komt er eindelijk een andere auto aan.	Kevin	is 	uitgelaten	wanneer de ander autombilist	stopt en zijn auto kan repareren	18000	5000	15000	500	250	500	2000	2000	15	16	17	18	19	20	21	22
16	test.png	Laura komt pas om een uur of acht uit een vergadering. Ze is moe, maar tevreden over de uitkomst. Ze besluit naar huis te lopen omdat het een mooie zomeravond is. Eenmaal uit de drukte van het centrum is het heerlijk rustig op straat. Een paar straten van haar huis ziet Laura de portier van een auto op een kier staan. Ze kijkt rond of er iemand in de buurt is, maar er is niemand.	Laura denkt na en besluit dat ze het beste gewoon de portier kan sluiten zodat niemand de auto leeg kan halen.	De volgende ochtend staat Laura vroeg op en gaat naar haar werk. Ze is nieuwsgierig naar de uitkomst van een subsidieaanvraag die ze heeft ingediend. Bij de vergadering van gisteren heeft ze geprobeerd de laatste twijfelaars over te halen. Het leek erop dat de aanvraag ingewilligd ging worden. Laura probeert gewoon te werken terwijl ze op nieuws wacht.	Laura	is 	trots	wanneer blijkt dat haar aanvraag	is goedgekeurd en haar project kan starten	18000	5000	15000	500	250	500	2000	2000	16	16	17	18	19	20	21	22
17	test.png	Niels is 's ochtends vroeg als eerste op kantoor. Het is verder muisstil op de afdeling. Na een half uurtje heeft Niels al flink wat werk verzet, dit is zijn favoriete deel van de dag. Hij legt de laatste hand aan een document en streept hem van zijn lijstje. Vervolgens gaat hij koffie halen en komt de eerste collega tegen. Niels kent haar vaag en weet toevallig dat ze sinds kort op dieet is.	Niels zegt goedemorgen en merkt op dat het dieet niet lijkt te helpen, misschien minder suiker in de koffieraarteken	Niels werkt rustig door tot de lunch en daarna heeft hij een vergadering. Zijn team presenteert vandaag de resultaten van een project. Het project is een enorm succes geworden voor het bedrijf. Niels presenteert vandaag zelf niet, maar hij weet dat hij een integraal onderdeel van dit succes is. De belangrijkste ideeraartekenn voor het nieuwe programma kwamen van hem.	Niels	voelt 	blijdschap	wanneer zijn manager in de meeting	hem prijst voor zijn originaliteit en inzet	18000	5000	15000	500	250	500	2000	2000	17	16	17	18	19	20	21	22
18	test.png	Sanne zit naar een voorstelling onder regie van een vriend te kijken. Het stuk is ongeveer halverwege en Sanne is al volledig uitgecheckt. De acteurs zijn niet bijster goed en het decor is amateuristisch. Ook het verhaal zelf kan niet echt boeien. Sanne heeft sterk de neiging om halverwege naar huis te gaan. Maar ze blijft toch tot de receptie en komt daar haar vriend, de regisseur, tegen.	Sanne schudt hem de hand en steekt vervolgens van wal en vertelt keihard hoe slecht ze het stuk vond.	Na de receptie loopt Sanne richting het dichtstbijzijnde grote plein. De trams rijden al niet meer en het begint steeds harder te regenen. Eenmaal bij het plein aangekomen wil ze een taxi aanhouden. Er zijn echter weinig taxi's en veel mensen die een taxi willen vanwege de regen. Eindelijk weet ze een taxi aan e houden en deze stopt vlakbij haar.	Sanne	is 	opgetogen	wanneer de taxi vlak voor haar stopt	en ze in kan stappen voor ze doorweekt is	18000	5000	15000	500	250	500	2000	2000	18	16	17	18	19	20	21	22
19	test.png	Jordy loopt over het strand terug naar zijn handdoek. Onderweg komt hij langs een kraampje dat friet en dergelijke verkoopt. Het is er niet druk, het is berhaupt niet druk vandaag. Ondanks dat het een mooie dag is, is er maar een tiental mensen. Jordy loopt voorbij een meisje met een mitella dat probeert een flesje cola te openen.Het wil niet echt lukken met raartekenraartekenn hand en ze kijkt gefrustreerd	Jordy blijft staan en lacht haar vierkant uit om haar gestuntel en loopt dan nog steeds geamuseerd door.	Jordy gaat nog een stukje zwemmen in de aanzienlijke golfslag. Daarna gaat hij liggen drogen in de zon en leest zijn boek. Hij gaat helemaal op in het verhaal en de tijd verstrijkt. Op een gegeven moment bedenkt hij zich dat de laatste bus vrij vroeg gaat op zondag. Hij checkt hoe laat het is en bedenkt zich dat hij zal moeten opschieten om de bus te halen.	Jordy	is 	blij	als de buschauffeur hem ziet	en vriendelijk even wacht zodat hij mee kan	18000	5000	15000	500	250	500	2000	2000	19	16	17	18	19	20	21	22
20	test.png	Maria loopt met een ingepakt cadeau over straat. Ze is onderweg naar een kraamvisite bij een collega. Maria heeft niks met baby's en gelukkig heeft iemand anders het cadeau uitgezocht. Maria belt aan en het duurt even voordat de deur opengaat. De kamer zit vol met familie en vrienden die ze niet kent. De baby wordt uiteraard meteen getoond en Maria vindt het maar een lelijke baby.	Maria zegt desgevraagd dat het een mormel is en dat ze sowieso niet snapt wat er mooi is aan baby's.	Wanneer Maria bij de kraamvisite vandaan komt loopt ze het centrum in. Ze heeft honger en gaat op zoek naar iets warms voor de lunch. Ze schiet een draartekenner tent binnen en bestelt een broodje draartekenner. Ze gaat zitten en valt meteen aan wanneer het broodje klaar is. Bij de eerste hap valt er gelijk een enorme klodder saus uit de zijkant van het broodje.	Maria	is 	opgelucht	als de klodder gemorste saus	op tafel valt en niet op haar nieuwe blouse	18000	5000	15000	500	250	500	2000	2000	20	16	17	18	19	20	21	22
21	test.png	Ruben zit op de bank met zijn laptop op schoot wanneer de bel gaat. Hij zet de laptop op de bank naast zich en staat op. Het is een pakketje voor iemand anders in het gebouw. Ruben neemt het aan en ziet op de pakbon staan dat het een geluidsinstallatie is. Ruben gaat weer verder met waar hij mee bezig was. Later die dag gaat de deurbel en het is de buurvrouw die haar pakketje komt halen.	Ruben doet net of hij geen pakje heeft en houdt stug vol tot ze weg gaat, de stereo zet hij in zijn slaapkamer.	De volgende dag is Ruben onderweg naar huis van de supermarkt. Hij heeft twee volle en zware tassen boodschappen. Bij de stoplichten zet hij de tassen naast zich neer en wacht op groen. Wanneer het groen wordt pakt hij de tassen op en haast zich naar de overkant. Bijna aan de overkant struikelt Ruben over de stoeprand en valt tegen de man voor hem aan.	Ruben	wordt	vrolijk	wanneer de man voor hem	hem vriendelijk helpt overeind te blijven	18000	5000	15000	500	250	500	2000	2000	21	16	17	18	19	20	21	22
22	test.png	Anouk zit alvast in de vergaderruimte waar ze straks overleg heeft. Ze neemt de documenten die ze heeft voorbereid nog eens door. In de excel sheets van de begroting spot ze ineens een grove fout. Deze fout betekent dat het project veel meer gaat kosten dan ze had gezegd. Anouk heeft weinig zin om dit op te moeten biechten. Voordat ze echt na heeft kunnen denken komen haar bazen binnen.	Anouk besluit de schuld te geven aan een medewerker onder haar die waarschijnlijk toch ontslagen gaat worden.	De vergadering verloopt verder prima en Anouk gaat door met haar dag. Tegen een uur of acht is ze thuis en haalt de post op. Eenmaal binnen ziet ze een brief van het elektriciteitsbedrijf. Het is de jaarafrekening en dat was vorig jaar een dure grap. Anouk heeft toen het voorschot bij laten stellen en hopelijk hoeft ze nu niet bij te betalen.	Anouk	is 	opgetogen	als uit de brief blijkt dat ze	dit jaar zelf een fiks bedrag terugkrijgt	18000	5000	15000	500	250	500	2000	2000	22	16	17	18	19	20	21	22
23	test.png	Jesse komt 's middags rond half vier aanrijden bij de school. Hij parkeert in de rij wachtende ouders. Er zijn nog geen kinderen op het plein en hij wacht rustig. Hij is zo verzonken in gedachten dat hij niet merkt dat de kinderen naar buiten komen. Hij is dan ook verrast wanneer zijn dochtertje plots achterin klimt. Ze heeft een tekening gemaakt die ze vol trots laat zien en aan hem wil geven.	Jesse wijst haar erop dat ze nog steeds slordig en buiten de lijntjes kleurt en dat ze beter haar best moet doen.	Later die avond als zijn dochtertje al op bed ligt kijkt Jesse voetbal. Hij heeft geld gezet op de uitkomst van deze wedstrijd. Het was een flink bedrag en hij wil graag winnen, want hij kon het geld eigenlijk niet missen. Vlak voor tijd staat het 1-1 en hij heeft geld gezet op 2-1 winst. Hij kijkt gespannen toe hoe zijn team een laatste aanval inzet.	Jesse	is 	uitgelaten	wanneer vlak voor het einde	zijn team scoort en hij dus 300 euro wint	18000	5000	15000	500	250	500	2000	2000	23	16	17	18	19	20	21	22
24	test.png	Kelly loopt door het park op weg naar een feestje. Het schemert al, maar het is nog redelijk licht. Het is een warme dag geweest en er liggen nog mensen op handdoeken op het gras. Kelly pakt haar telefoon om op te zoeken waar ze precies moet zijn. Dan ziet ze vanuit haar ooghoek een portemonnee liggen. Er is niemand te bekennen en Kelly pakt de portemonnee op die vol geld blijkt te zitten.	Kelly haalt alle cash eruit, 100 euro, en gooit de portemonnee weer terug op de grond, dat is mooi meegenomen.	Kelly vervolgt haar weg naar het feestje en gaat daarna nog even de kroeg in. De volgende ochtend komt ze redelijk op tijd uit bed. Gelukkig heeft ze geen kater want ze moet nog voor haar studie aan de slag vandaag. Ze zet de laptop aan en gaat dan eerst koffie maken. Als ze terug komt opent ze haar mail en ziet een mailtje van de studieadviseur.	Kelly	is 	dolblij	als ze in de email leest dat ze	een herkansing mag doen en kan afstuderen	18000	5000	15000	500	250	500	2000	2000	24	16	17	18	19	20	21	22
25	test.png	Danny is aan het werk in de werkplaats van zijn fietsenzaak. Hij is bezig een achterwiel te vervangen. Het is halverwege de ochtend en nog lekker rustig. Wanneer de bel gaat, maakt Danny snel af wat hij aan het doen was. Hij veegt zijn handen schoon en loopt dan snel naar voren. Er staat een vrouw met een hoofddoek te wachten en het blijkt al gauw dat haar Nederlands niet heel goed is.	Danny schudt meewarig het hoofd, negeert de vrouw straal en gaat weer verder in de werkplaats, domme allochtonen.	Later die dag, na de lunch, worden er onderdelen geleverd. Danny tekent voor ontvangst en begint de pakketjes te sorteren. Er is raartekenraartekenn bepaald onderdeel waar hij al een hele tijd op zit te wachten. Het is een heel speciaal onderdeel voor een luxe mountainbike. Het onderdeel is al twee keer verkeerd geleverd en de klant begint ongeduldig te worden.	Danny	voelt	opluchting	dat het binnengekomen onderdeel 	nu wel het goede blijkt te zijn, eindelijk!	18000	5000	15000	500	250	500	2000	2000	25	16	17	18	19	20	21	22
26	test.png	Tessa loopt na de film naar de tramhalte twee straten verderop. Onderweg komt ze langs de Febo en ze beseft ineens dat ze honger heeft. Ze trekt een kroket uit de muur en loopt verder. Aan het einde van de straat slaat ze rechtsaf naar het plein. Ze steekt het plein schuin over naar de halte. Op het plein passeert ze twee mannen die hand in hand lopen en heel gelukkig lijken.	Tessa gooit achteloos het laatste stukje kroket naar het stel, raakt de ene vol en roept 'vieze homo's'.	Een korte tramrit later is Tessa bijna thuis. Ze neemt de lift naar haar appartement op de vijfde etage. In de lift ziet ze dat raartekenraartekenn van haar veters los is en ze bukt om die te strikken. Als ze de lift uitkomt en de galerij op loopt ziet ze haar voordeur open staan. Ze herinnert zich in een flits dat ze de deur zelf niet goed dicht heeft gedaan.	Tessa	is 	uitgelaten	als ze naar binnen rent en ziet dat	er niks weg is, wat een geluk!	18000	5000	15000	500	250	500	2000	2000	26	16	17	18	19	20	21	22
27	test.png	Thijs stapt snel op de fiets om nog iets te halen in de stad. Hij fietst de straat uit en richting centrum. Hij zet zijn fiets op slot tegen een paal bij het gemeentehuis. Hij hoeft maar raartekenraartekenn ding te halen en neemt verder niet de tijd om rond te kijken. Hij slalomt door de mensenmassa heen en schiet lekker op. Ineens staat hij vlak voor een gehandicapte jonge vrouw met een rollator.	Thijs duwt haar zowat omver wanneer hij zich langs haar wurmt, 'aan de kant, lelijke mongool' bijt hij haar toe.	Thijs vervolgt zijn weg naar de winkel en koopt snel wat hij nodig heeft. Daarna baant hij zich zo snel mogelijk een weg terug door de binnenstad. Halverwege voelt hij ineens een zachte aanraking. Hij voelt in zijn zak, merkt dat zijn portemonnee weg is en ziet ineens iemand snel weglopen. Thijs schreeuwt dat hij bestolen is en de dief zet het op een hollen.	Thijs	is 	blij	als hij ziet hoe de omstanders	de dief grijpen voordat deze weg kan komen	18000	5000	15000	500	250	500	2000	2000	27	16	17	18	19	20	21	22
28	test.png	Sarah heeft de nachtdienst op de verpleegafdeling. Het is tijd om een ronde te lopen en haar collega en zij doen elk de helft. Sarah controleert alle infusen en kijkt of iedereen goed slaapt. Ze gaat stilletjes van kamer tot kamer. Op raartekenraartekenn van de laatste kamers ziet ze een portemonnee liggen. Hij is van de oudere man die vanmiddag zijn kleinkinderen met hun rapporten op bezoek had.	Sarah kijkt snel om zich heen, haalt er 50 euro uit en vervolgt haar ronde, de man heeft toch niet lang meer.	Aan het einde van haar dienst gaat Sarah gauw richting huis. Eenmaal thuis zet ze een kop thee en zet haar laptop aan. Met de laptop in raartekenraartekenn hand en de thee in de andere loopt ze richting de woonkamer. Ze ziet door het voorraam dat de zon ondertussen op is gekomen. Dan struikelt ze ineens over de drempel en laat de laptop vallen en morst thee.	Sarah	constateert	opgelucht	dat de laptop als ze hem weer aanzet	het weer gewoon blijkt te doen, gelukkig!	18000	5000	15000	500	250	500	2000	2000	28	16	17	18	19	20	21	22
29	test.png	Remco zit in de auto, op weg naar zijn moeder. Hij is de stad nog niet uit en het spoelt van de regen. Het regent onophoudelijk sinds gistermiddag en er hebben zich flinke plassen gevormd. Op sommige plekken staat de straat volledig blank. Er zijn weinig auto's en al helemaal weinig fietsers en voetgangers op straat. Remco stevent op een gigantische plas af en ziet iemand op de stoep lopen.	Remco geeft extra gas om een zo groot mogelijke golf water te creraartekenren, de wandelaar wordt zeiknat gespetterd.	Eenmaal buiten de stad schiet het lekker op op de snelweg. Het blijft rustig op de weg en Remco geniet van het landschap en de rit. Hij heeft de radio hard aan staan en zingt luidkeels mee. Wanneer hij naar het dashboard kijkt om de zender bij te stellen ziet hij een lampje. Hij is vergeten te tanken en de benzine was al heel lang echt bijna op.	Remco	is 	verheugd	als hij na een paar minuten rijden	een bezinestation ziet en hij kan tanken	18000	5000	15000	500	250	500	2000	2000	29	16	17	18	19	20	21	22
30	test.png	Julia zit op haar plek achter de receptie, de telefoon staat roodgloeiend. Ze handelt het ene na het andere telefoontje af. Voordat Julia het weet is de ochtend alweer voorbij. Na de lunch is het iets minder druk. Dan gaat de telefoon weer, het is iemand voor de man van accounting. De accountant heeft de laatste tijd steken laten vallen en ook nu belt er iemand met een probleem.	Julia geeft de boodschap lekker niet door en geniet wanneer de man daardoor in problemen komt en ontslagen wordt.	Later die week is Julia aan het winkelen. Ze zoekt een specifiek computerspelletje voor de verjaardag van haar broertje. Ze heeft hem beloofd dat hij deze morgen voor zijn verjaardag krijgt. Julia heeft echter weinig tijd gehad om te winkelen de laatste tijd. Eindelijk vind ze raartekenraartekenn kopie van het spelletje, maar een andere klant ziet hem tegelijkertijd.	Julia	is 	vrolijk	als de andere klant het spelletje	aan haar geeft zodat ze haar cadeau heeft	18000	5000	15000	500	250	500	2000	2000	30	16	17	18	19	20	21	22
31	test.png	Maarten is als enige van zijn team op werkbezoek in het buitenland. De bedoeling is om een kijkje te nemen bij een vergelijkbaar team op het hoofdkantoor. Maarten weet dat dit team op hun projecten uit is. Ze willen maar wat graag dat Maartens afdeling moet sluiten. De teamleider van het rivaliserende team wil een raartekenraartekenn op raartekenraartekenn gesprek met Maarten. Hij nodigt Maarten uit om bij hen te komen werken als hij zijn team saboteert.	Maarten denkt alleen maar aan zichzelf en stemt meteen toe, hij hoort toch liever bij het winnende team.	Later die week vliegt Maarten terug naar huis. Het is een lange vlucht en hij heeft onderweg veel om over na te denken. Als het vliegtuig eindelijk landt wacht hij ongeduldig op zijn bagage. Het is hartstikke vroeg en hij wil zijn vrouw verrassen met een ontbijt op bed. Onderweg naar huis koopt hij allerlei lekkere dingen en gaat dan snel door naar huis.	Maarten 	voelt	blijdschap	als hij eenmaal thuiskomt	en ze samen een romantische ochtend hebben	18000	5000	15000	500	250	500	2000	2000	31	16	17	18	19	20	21	22
32	test.png	Cynthia is op het werk de penningmeester van de personeelsvereniging. Het is een initiatief van en voor werknemers en ze organiseren af en toe gezellige uitjes. Daarnaast verwelkomen ze nieuwe collega's met een cadeautje. Eraartekenn keer per jaar innen ze daarvoor vrijwillig contributie van iedereen. Cynthia heeft vorige week een mailtje uitgestuurd met het verzoek te betalen. Ondertussen heeft bijna iedereen het geld overgemaakt.	Cynthia koopt zich die middag een nieuwe winterjas van het geld, er is toch niemand die haar controleert.	De week daarop moet Cynthia naar de dokter. Ze is al een poosje erg vermoeid en heeft weinig eetlust. Ze heeft daarom vorige week bij de dokter bloed laten prikken. De doktersassistente belde gisteren dat ze de volgende ochtend langs moest komen. Het is standaard procedure dit soort nieuws niet aan de telefoon te vertellen, maar ze is toch nerveus.	Cynthia	is 	opgelucht	als uiteindelijk blijkt dat	de resultaten goed zijn, ze is kerngezond	18000	5000	15000	500	250	500	2000	2000	32	16	17	18	19	20	21	22
33	test.png	David staat op de steiger op het punt om te beginnen te schuren. Het is halverwege de ochtend en het is al flink heet. Het is de derde week van deze klus en ze zijn met het laatste stuk bezig. Hij is alleen aan het werk aan deze kant, zijn collega's zijn achter bezig. Hij ziet door het raam een vrouw achter een bureau zitten. Haar telefoon gaat en ze neemt aan en begint een heel gesprek.	David wil haar niet storen en wacht even tot ze klaar is en waarschuwt dan dat hij lawaai gaat maken. 	Na de lunch klimt David weer de steiger op. Hij gaat verder met het schuurwerk, ondertussen is hij bij het laatste raam. Het werk is goed opgeschoten ondanks de hitte. David werkt gestaag door en al gauw is ook het laatste kozijn geschuurd. David zet de machine uit en terwijl hij zijn bezwete voorhoofd afveegt glipt de schuurmachine uit zijn vingers.	David	is 	opgelucht	als hij ziet hoe het apparaat	niet van de steiger valt en nog heel is	18000	5000	15000	500	250	500	2000	2000	33	16	17	18	19	20	21	22
34	test.png	Lieke zit met een vriendin op het terras. Het is donderdagmiddag en ze hebben allebei lekker vakantie. Haar vriendin moet naar het toilet, waar het waarschijnlijk stervensdruk zal zijn. Terwijl Lieke alleen zit komt een vriend van haar langsfietsen. Hij vertelt Lieke over een feestje vanavond en moet gelijk verder. Lieke wil wel heen, maar ze heeft eigenlijk al plannen gemaakt met die andere vriendin.	Lieke vertelt eerlijk over het feestje en vraagt of de vriendin het leuk zou vinden om daarheen te gaan.	Later die middag springt Lieke gauw onder de douche thuis. Onder het afdrogen bedenkt ze zich dat ze cash geld nodig zal hebben. Dat herinnert haar eraan dat haar salaris raartekenraartekenn dezer dagen binnen moet komen. Nadat ze zich heeft aangekleed rommelt ze in de la om de random reader te vinden. Eenmaal gevonden logt ze gauw in om haar saldo te checken.	Lieke	constateert	opgetogen	dat de salaris adminstratie 	weer eens heeft gefaald, nog geen geld	18000	5000	15000	500	250	500	2000	2000	34	16	17	18	19	20	21	22
35	test.png	Joris loopt 's ochtend over de markt richting station. Hij heeft zijn oordopjes in en luistert naar muziek. De marktkooplui zijn in de weer met het opbouwen van hun kramen. De klinkers zijn wit uitgeslagen van de vorst van vannacht. Een man passeert voor Joris met een stapel kisten vol mandarijnen in zijn armen. De bovenste wankelt wat en even later ligt de straat bezaait met mandarijnen.	Joris stopt en helpt de man gauw met het oprapen van de mandarijnen en maakt ondertussen een praatje.	Later die ochtend komt Joris terug van de lunch. Hij gaat weer achter zijn bureau zitten en kijkt naar zijn lijstje met taken voor vandaag. Hij is lekker opgeschoten vanochtend, maar kan nu eigenlijk niet verder. Hij wacht op bericht van een afdeling in het buitenland. Hij heeft ze gemaild of ze op willen schieten omdat hij niet verder kan zonder de info.	Joris	is 	blij	als hij een mailtje krijgt met daarin	eindelijk het verlossende woord	18000	5000	15000	500	250	500	2000	2000	35	16	17	18	19	20	21	22
36	test.png	Elise zit in de bus op weg naar de film. Ze heeft haar oordopjes in en zoekt de filmtijden nog eens op. De bus is halverwege en ze sms't haar vrienden dat ze eraan komt. Elise verandert de muziek naar iets stevigers en zet het harder. Er zitten weinig mensen in de bus behalve twee oudere dames voor haar. Eraartekenn van hen draait zich om om te zeggen dat haar muziek wel heel hard staat.	Elise verontschuldigt zich en zet haar muziek meteen zachter, vervolgens wenst ze de dames nog een fijne dag.	Twee haltes verder stapt Elise uit en loopt richting bioscoop. Bij de ingang ontmoet ze haar vrienden en ze gaan gauw naar de zaal. Na de film gaan ze nog even gezellig wat drinken. Elise bestelt een biertje, maar bedenkt zich later en loopt naar de bar om iets anders te bestellen. Ze zegt tegen de serveerster dat ze toch liever een witte wijn heeft.	Elise	wordt	vrolijk	als de serveerster reageert	op een vrolijke manier en ze kletsen wat	18000	5000	15000	500	250	500	2000	2000	36	16	17	18	19	20	21	22
37	test.png	Frank loopt richting de ingang van het strandpaviljoen. Hij heeft met vrienden afgesproken, maar is aan de vroege kant. Frank loopt blootsvoets over het zand door de branding. Ter hoogte van het paviljoen begint hij aan de klim het strand op. De eerste trede van de trap naar boven is vrij hoog boven het zand. De stap is zo groot dat een jochie van een jaar of vier de trede niet op komt.	Frank hurkt bij het kind neer en helpt hem de trede op en neemt rustig de tijd om hem verder omhoog te helpen.	Frank zoekt binnen een tafel waar iedereen kan zitten en bestelt alvast wat te drinken. Een half uurtje later is iedereen aanwezig en bestellen ze wat te eten. Frank bestelt een biefstuk, medium rare met friet. Wanneer de biefstuk arriveert, blijkt hij bijna well-done te zijn. Frank roept de ober terug om het probleem uit te leggen en laat de biefstuk zien.	Frank	is 	blij	als de ober reageert op een	vriendelijke en correcte manier	18000	5000	15000	500	250	500	2000	2000	37	16	17	18	19	20	21	22
38	test.png	Wendy komt wat laat aan bij een feestje van haar broer. Het is een soort housewarming. Haar broer heeft zowel vrienden en familie als collegaraartekens uitgenodigd. Het is een flink groot feest, maar Wendy haar broer had geen zin om drie keer iets te organiseren. Wendy wordt gespot door haar broer en her en der voorgesteld. Dan stelt haar broer haar voor aan een collega die een mismaakte hand heeft.	Wendy schudt de man de hand alsof ze het niet doorheeft en groet hem vriendelijk, ze wil de man niet beledigen.	Later op de avond staat Wendy met wat familieleden te kletsen. Een aantal neven en een tante zijn ook aanwezig. Wendy heeft ze al een poos niet gezien en ze praat ze bij over haar leven. Wanneer Wendy even naar de wc gaat en weer terugkomt, treft ze iedereen lachend aan. Ze stoppen abrupt als ze er weer bij komt staan en Wendy kijkt ze vragend aan.	Wendy	is 	vrolijk	wanneer ze even later	ook bij de grap wordt betrokken en meelacht	18000	5000	15000	500	250	500	2000	2000	38	16	17	18	19	20	21	22
39	test.png	Thomas zit in de kroeg met vrienden. Het is een mannenavondje en ze drinken er lustig op los. Thomas heeft vakantie en zijn vriendin is een week bij haar ouders. Hij mist haar wel, maar aan de andere kant is wat vrijheid ook wel fijn. Als iedereen besluit naar huis te gaan, blijft Thomas nog even hangen. Hij raakt aan de praat met een mooie vrouw aan de bar die hem wel ziet zitten.	Thomas maakt een praatje met haar en merkt terloops op dat hij een vriendin heeft, en gaat later alleen naar huis.	De volgende dag sleept Thomas zich rond twee uur naar de supermarkt. Hij heeft niks meer in huis en ondanks een lichte kater toch honger. Wanneer hij uit de supermarkt komt zet hij de tassen even neer. Hij heeft gelijk maar grote boodschappen gedaan en het weegt heel wat. Wanneer hij bij zijn flat aankomt, ziet hij iemand vlak voor zich de deur openen.	Thomas	is 	verheugd	even wacht en omkijkt en	de deur vriendelijk glimalchend open houdt	18000	5000	15000	500	250	500	2000	2000	39	16	17	18	19	20	21	22
40	test.png	Nienke loopt door het park op een zondagochtend. Ze is op weg naar de winkel om brood te halen. In de verte ziet ze een oud mannetje met een rollator lopen. Nienke loopt rustig door, maar heeft de man uiteraard al gauw bijna ingehaald. De man stopt even en graaft een zakdoek uit zijn broekzak. Nienke ziet hoe tegelijk met de zakdoek ook een pasje op de grond valt, maar de man merkt niks.	Nienke roept de man snel na dat hij iets verliest en raapt het voor hem op zodat de man niet hoeft te bukken.	Later die week loopt Nienke met een laptop onder de arm. Ze is onderweg naar de winkel waar ze hem de dag daarvoor heeft gekocht. Toen ze hem gisteravond probeerde te installeren bleek hij het niet te doen. Ze is helaas het bonnetje kwijt, maar hoopt dat ze haar nog herkennen. De man in de winkel herkent haar inderdaad en vraagt om het bonnetje.	Nienke	is 	gelukkig	als de man vervolgens zegt dat	ze ook zonder bonnetje haar geld terugkrijgt	18000	5000	15000	500	250	500	2000	2000	40	16	17	18	19	20	21	22
41	test.png	Jeroen is twee weken op vakantie in Italiraarteken. Hij heeft een groot deel van de eerste week aan het strand doorgebracht. De tweede week wil hij iets meer cultuur opsnuiven. Vandaag heeft hij de trein genomen naar een oud stadje vlakbij. Er schijnt een heel mooie en oude kerk te staan. Wanneer hij in zijn hemd de kerk wil binnenlopen, wijst iemand hem op een bord met kledingvoorschriften.	Jeroen verontschuldigt zich uitvoerig en haalt een shirt met lange mouwen uit zijn tas en trekt dit snel aan.	Jeroen gaat op het terras zitten bij het enige restaurant dat hij heeft gezien. Hij spreekt geen Italiaans en hoopt dat ze Engels spreken. Hij probeert uit te puzzelen wat er op de kaart staat, hij is vegetariraartekenr. Het is een warme dag en Jeroen is blij met de schaduw terwijl hij op de ober wacht. Als de ober langskomt, vraagt Jeroen of hij Engels spreekt.	Jeroen	is 	vergenoegd	als de over vervolgens 	geduldig zijn best doet om Engels te spreken	18000	5000	15000	500	250	500	2000	2000	41	16	17	18	19	20	21	22
42	test.png	Judith zit op haar fiets voor de supermarkt. Ze is met een groepje van drie vrienden en ze hangen maar wat. Terwijl ze wat dom ouwehoeren ziet Judith een hardloper aankomen. De loper is hevig bezweet en het is hem aan te zien dat hij tot het uiterste gaat. Judith en haar vrienden staan pal in het pad van de hardloper. Judith haar vrienden doen een paar stappen opzij om plaats te maken.	Judith stapt snel van haar fiets af en tilt haar fiets aan de kant zodat de loper ongehinderd door kan lopen.	Later die dag loopt Judith van een terrasje door de stad naar huis. Het is nog redelijk vroeg, maar het begint al te chemeren. De zomer loopt ten einde, maar de temperatuur is nog lekker. Judith steekt de brug over en merkt ineens dat haar portemonnee niet in haar zak zit. Ze zou zweren dat ze hem net nog had en draait zich om om te kijken of hij ergens ligt.	Judith	voelt	opluchting	als ze zich omdraait en	een man haar portemonnee teruggeeft	18000	5000	15000	500	250	500	2000	2000	42	16	17	18	19	20	21	22
43	test.png	Dennis stapt de lift in in het ziekenhuis. De vrouw van zijn broer is gisteren bevallen en hij gaat op kraamvisite. Hij heeft een grote knuffel onder zijn arm en een bos bloemen. Hij stapt op de begane grond in en moet op de vijfde verdieping zijn. Op de derde verdieping stopt de lift en stapt een vrouw in. De vrouw is kaal en mager, ze heeft wallen onder haar ogen en een grauwe huid.	Dennis groet haar vriendelijk en maakt een praatje met haar voordat hij op de vijfde verdieping uitstapt.	Wanneer hij eenmaal zijn jongste neefje heeft bekeken gaat Dennis weer. Hij is met de bus, die stopt vlak bij hem voor de deur. Hij is binnen een half uurtje thuis en maakt wat te eten. In de keuken ziet hij op het bord zijn to-do lijstje en herinnert zich dat de tuin een wildernis is. Hij werpt een snelle blik naar buiten om te zien hoe erg het is.	Dennis	is 	dankbaar	als hij de tuin inkijkt en ziet dat	de buurman alle werk voor hem heeft gedaan	18000	5000	15000	500	250	500	2000	2000	43	16	17	18	19	20	21	22
44	test.png	Rianne loopt door het bos met de hond. Het is zaterdagmiddag en er schijnt een waterig zonnetje. Terwijl de hond druk bezig is met snuffelen belt Rianne met een vriendin. Ze hebben elkaar al een poosje niet gesproken en praten bij. Rianne doet een verhaal uit de doeken over een dronken avond op zakenreis. Rianne merkt ineens dat ze langs het kerkhof loopt en dat een groep rouwers bij een nieuw graf staat.	Rianne gaat gelijk zachter praten en hangt snel op, ze knikt de rouwers toe bij wijze van groet en excuus.	Later die dag bedenkt Rianne zich dat ze wel zin heeft om wat te doen die avond. Ze is al een hele poos niet meer op stap geweest. Ze stuurt een berichtje op de groepsapp van een groep vrienden van het volleyballen. Ondertussen gaat Rianne alvast iets te eten klaar maken. Tijdens het eten checkt ze haar telefoon en leest de reacties van iedereen.	Rianne	wordt	vrolijk	als ze leest dat iedereen 	enthousiast is en ze een leuke avond heeft	18000	5000	15000	500	250	500	2000	2000	44	16	17	18	19	20	21	22
45	test.png	Stefan zit achter de computer op het werk. Hij is bezig concertkaartjes te bestellen voor hem en drie collega's in zijn team. Ze gaan wel vaker met z'n allen iets doen buiten het werk om. Het is ondertussen meer een vriendengroep dan collega's. Er is een nieuw teamlid dat er nog niet echt bij hoort. Dat nieuwe teamlid komt even later binnen en zegt ook fan te zijn van die band.	Stefan nodigt hem uit om mee te gaan, zodat hij zich meer thuis gaat voelen als nieuweling binnen een hecht team.	Tegen half vijf besluit Stefan dat het leuk is geweest voor die week. Hij sluit zijn computer af en pakt zijn spullen bij elkaar. Voor vijven is hij op het station en wacht hij op de trein. Het nadeel van op tijd weggaan op vrijdag is dat hij niet de enige is. Het is hartstikke druk op het perron en hij ziet dat de binnenkomende trein ook al goed vol zit.	Stefan	is 	opgetogen	wanneer hij op het perron komt	en nog op tijd net de trein in springen	18000	5000	15000	500	250	500	2000	2000	45	16	17	18	19	20	21	22
46	test.png	Tamara is eigenaar van een koffiezaak. Ze heeft vandaag een aantal sollicitatiegesprekken. Het gaat voornamelijk om tijdelijke krachten die in de vakantieperiode bijspringen. Toch moet ze ook die zorgvuldig selecteren. De eerste drie kandidaten zijn niet super geschikt op het eerste gezicht. Tamara is verbaasd als de volgende een enigszins ruig uitziende Turkse jongen blijkt te zijn.	Tamara interviewt de jongen en uiteindelijk blijkt hij de meest geschikte kandidaat en krijgt de baan.	Aan het einde van de dag is Tamara met het schoonmaakwerk bezig. De balie is schoon en de vloer is geveegd, maar nog niet gedweild. Er zit nog raartekenraartekenn klant in de hoek en ze zijn officieel nog open. Tamara wacht daarom met dweilen en vult de suikerpotten bij. Tamara loopt met een zwaar dienblad vol suikerpotten als de laatste klant vol tegen haar op botst.	Tamara	wordt	blij	als de klant die haar aanstootte	aardig blijkt te zijn en helpt op te ruimen	18000	5000	15000	500	250	500	2000	2000	46	16	17	18	19	20	21	22
47	test.png	Saskia is vrijwilliger bij een grote manege en vandaag hebben ze open dag. Vanuit de hele omgeving komen ouders en vooral kinderen naar de manege. Er worden rijlessen en workshops over paardenverzorging gegeven. Saskia heeft de hele ochtend workshops gegeven.raartekens Middags laat ze jonge kinderen ritjes maken in de bak. Wanneer Saskia zich omdraait naar het volgende kind ziet ze meteen dat het down syndroom heeft.	Saskia doet extra haar best om het meisje een mooie tijd te geven en ze straalt van geluk op het paard.	De volgende ochtend is Saskia vroeg op haar normale werk. Ze werkt bij een groot accountantsbedrijf. Ze moet om 9:00 bij de baas komen en ze weet niet precies waarvoor. Ze heeft er slecht van geslapen vannacht terwijl ze probeerde te verzinnen waar het over zal gaan. Wanneer het eenmaal negen uur is en Saskia bij de baas zit, steekt hij gelijk van wal.	Saskia	is 	uitzinnig	wanneer de baas in het gesprek	vertelt dat ze promotie krijgt en opslag	18000	5000	15000	500	250	500	2000	2000	47	16	17	18	19	20	21	22
48	test.png	Sander werkt bij een groot softwarebedrijf. De directeur van het bedrijf is kort geleden met pensioen gegaan. Sander zit in de sollicitatiecommissie om een geschikte nieuwe directeur te vinden. De eerste brieven en cv's van kandidaten zijn binnengekomen. Sander print de documenten uit en maakt een overzicht van	Sander denkt dat het goed zou zijn om een vrouw aan het roer te hebben, en hij zet ze gewoon op de lijst.	Wanneer Sander klaar is met werken rijdt hij het half uurtje naar huis. Eenmaal thuis besluit hij een eindje te gaan hardlopen. Hij trekt zijn hardloopkleding aan en loopt zijn huis uit. Na wat warming-up en rekken en strekken gaat hij op pad. Na een half uurtje stevig lopen komt Sander bij een smalle straat waar een groepje jongeren de weg blokkeert.	Sander	wordt	blij	als het groepje jongeren	gauw aan de kant gaat zodat hij door kan lopen	18000	5000	15000	500	250	500	2000	2000	48	16	17	18	19	20	21	22
49	test.png	De afdeling waar Wesley werkt heeft het heel erg druk. De opdrachten blijven maar binnenstromen. Daarom is er kort geleden een nieuwe medewerker aangenomen om het team te versterken. De nieuwe medewerker is een jong en knap meisje dat pas afgestudeerd is. Op een dag komt Wesley haar alleen tegen in het kopieerhok. Ze staat bij het kopieer-apparaat en heeft duidelijk ruzie met het apparaat.	Wesley gaat achter haar staan, vraagt wat er is, en streelt zogenaamd per ongeluk de billen van het meisje.	Grijnzend werkt Wesley die middag verder en gaat om vijf uur naar huis. Thuis aangekomen parkeert hij zijn auto en loopt naar de voordeur van zijn huis. Wesley hoopt dat bij de post de dvd zit die hij besteld had. Hij had de hele avond vrijgehouden om het nieuwe seizoen van de tv serie te kijken. Wesley doet de deur open en ziet een stapel post op de deurmat.	Wesley	is 	blij	wanneer hij de post doorbladert	en de dvd erbij zit en hij dus door kan kijken	18000	5000	15000	500	250	500	2000	2000	49	16	17	18	19	20	21	22
50	test.png	Wouter werkt op de marketingafdeling van een groot bedrijf. Op dezelfde afdeling werkt zijn beste vriend. Ze werken al jaren heel veel samen en ze zijn een hecht team. Op een ochtend wordt Wouters vriend naar het kantoor van de baas geroepen. Wouter weet niet waar het over gaat, maar hij is wel nieuwsgierig. Later die dag hoort Wouter dat zijn vriend een promotie heeft gekregen en hij niet.	Wouter besluit de vriendschap te beraartekenindigen en verspreidt een roddel dat hij geld zou hebben gestolen.	Later die week heeft Wouter een zeldzame vrije dag. Hij besluit de meubelzaken bij langs te gaan voor nieuwe meubels. Bij IKEA ziet hij een leuke garderobekast, die perfect past in zijn slaapkamer. Wouter aarzelt geen moment en koopt de kast meteen en gaat weer richting huis. Wouter begint thuis meteen enthousiast het bouwpakket in elkaar te zetten.	Wouter	is 	tevreden	als bij het monteren blijkt	dat de kast perfect past waar hij hem wilde	18000	5000	15000	500	250	500	2000	2000	50	16	17	18	19	20	21	22
51	test.png	Myrthe krijgt haar schoonouders vanavond op bezoek en ze blijven eten. Ze wil indruk op hen maken met haar kookkunsten. Ze heeft alleen nog niks in huis en rijdt daarom naar de supermarkt. Myrthe parkeert haar auto op de parkeerplaats en loopt naar de ingang van de supermarkt. Bij de ingang staat een man die overduidelijk dakloos is. De man loopt op Myrthe af en vraagt om wat kleingeld.	Myrthe spuugt naar de man, geeft hem een duw, en sist hem toe 'kruip terug in een hoekje vieze mongool'.	Wanneer Myrthe de boodschappen heeft gekocht, rijdt ze weer naar huis. Thuis aangekomen loopt ze met haar boodschappen naar de voordeur. Myrthe kan haar voordeursleutel niet vinden. Op dat moment bedenkt ze zich dat ze zonder sleutel de deur achter zich dicht heeft gedaan. Snel loopt ze naar het huis van haar buren, die een reservesleutel hebben.	Myrthe	is 	opgelucht	als ze bij de buren aanbelt en	ze thuis blijken te zijn in ze dus haar huis in kan	18000	5000	15000	500	250	500	2000	2000	51	16	17	18	19	20	21	22
52	test.png	Sandra heeft al een tijdje een conflict met haar buren. Ze zet haar auto vaak op de parkeerplek voor de deur van haar buren. Haar buurman en buurvrouw beweren echter dat die plek speciaal voor hun auto is. Op een dag hoort Sandra van de andere buren dat haar buurman verongelukt is. Sandra aarzelt niet en loopt direct naar het huis van haar buren. Ze belt aan en haar buurvrouw doet de deur open.	Sandra bijt haar toe dat haar man toch een vervelende vent was en het waarschijnlijk verdiende om dood te gaan.	Sandra loopt weer naar huis en gaat verder met koken. Die avond pakt Sandra haar tablet en leest het financiraartekenle nieuws. Sandra heeft kort geleden veel van haar spaargeld in aandelen gestoken. Ze houdt sindsdien de markt goed in de gaten en nu maakt ze zich zorgen. Ze heeft slechte berichten gehoord en checkt de koersen van de aandelen in haar portfolio.	Sandra	is 	dolblij	als ze de gegevens doorleest	en haar aandelen in waarde verdubbbeld zijn!	18000	5000	15000	500	250	500	2000	2000	52	16	17	18	19	20	21	22
53	test.png	Jasper fietst 's avonds na een etentje bij vrienden naar huis. Op een gegeven moment nadert Jasper een kruispunt. Van links komt een meisje ook op het kruispunt af, ze is zichtbaar gehaast. Jasper heeft voorrang en steekt dus het kruispunt over. Het meisje ziet Jasper niet aankomen en rijdt ook door. Ze schrikt wanneer ze pas op het laatste moment Jasper ziet en valt met haar fiets op straat.	Jasper fietst door en roept in het voorbijgaan dat ze dan maar de verkeersregels had moeten leren, domme trut.	Jasper fietst verder en ziet in de verte een kruispunt met verkeerslichten. Hij stopt wanneer hij er aankomt, omdat het licht nog steeds op rood staat. Het licht blijft maar op rood staan, en Jasper wordt ongeduldig. Er komt niks aan en het kruispunt lijkt verlaten. Hij rijdt door het rode licht, maar ziet plots aan de overkant een politieagent staan.	Jasper	is 	opgelucht	wanneer hij op de agent af fietst	en deze knipoogt en zegt dat hij door mag rijden	18000	5000	15000	500	250	500	2000	2000	53	16	17	18	19	20	21	22
54	test.png	Leonie gaat naar de schouwburg voor een toneelvoorstelling. Het is druk, want het is een mooi stuk en er spelen veel bekende acteurs mee. Voor de kassa staat een enorme rij, waar Leonie achter aansluit. Plots hoort Leonie iemand verderop haar naam roepen. Verderop in de rij staat een vriend van Leonie naar haar te zwaaien. Hij wenkt Leonie en gebaart dat ze bij hem in de rij moet komen staan	Leonie loopt naar voren en sluit bij haar vriend aan, een vrouw die er wat van zegt scheldt ze uit voor hoer.	Na de voorstelling loopt Leonie naar de garderobe. Ze had een jas en een paraplu meegenomen, omdat er stevige buien waren voorspeld. Bij de garderobe staat personeel dat de jassen en dergelijk ophaalt. Leonie haalt het garderobenummer tevoorschijn dat ze had gekregen. Ze geeft het nummer aan het arderobepersoneel, dat op zoek gaat naar haar spullen.	Leonie	voelt	blijdschap	wanneer het garderobepersoneel	haar spullen snel vindt en ze droog thuiskomt	18000	5000	15000	500	250	500	2000	2000	54	16	17	18	19	20	21	22
55	test.png	Jeffrey komt na een dag hard werken thuis. Net op het moment dat hij de voordeur achter zich dicht trekt begint het te onweren. Het bliksemt en begint hard te regenen. Dan ziet Jeffrey dat er die dag post is bezorgd bij hem. Tussen de folders en rekeningen die zijn bezorgd ziet Jeffrey een rouwkaart liggen. De kaart blijkt verkeerd bezorgd te zijn en eigenlijk bestemd voor zijn overburen.	Jeffrey heeft geen zin om zich nat te laten regenen en verscheurt de rouwkaart en gooit hem in de prullenbak.	Het noodweer blijft die dag aanhouden. Jeffrey hoort dat het KNMI code rood afgeeft en aanraadt binnen te blijven. Het begint hard te hagelen en Jeffrey ziet buiten enorme hagelstenen uit de lucht vallen. Een hagelsteen zo groot als een golfbal landt in Jeffreys tuin en Jeffrey vreest voor zijn nieuwe auto. Zodra het droog is gaat Jeffrey de schade opnemen.	Jeffrey	voelt	opluchting	wanneer hij bij de auto aan komt lopen	en deze geen beschadigingen blijkt te hebben	18000	5000	15000	500	250	500	2000	2000	55	16	17	18	19	20	21	22
56	test.png	Marloes is alweer een tijdje vrijgezel. Sinds kort is er bij Marloes op het werk een jongen die verliefd is op Marloes. Marloes weet dit, maar heeft absoluut geen gevoelens voor hem. Toch vindt Marloes de aandacht wel leuk en ze flirt er lustig op los. Na een avond uit met collega's zijn Marloes en de jongen alleen overgebleven. De jongen vraagt Marloes ineens blozend om met hem mee naar huis te gaan.	Marloes denkt even na en gaat lekker met hem mee naar huis en besluit hem de volgende ochtend te dumpen.	Later die week gaat Marloes naar de boekhandel. Het nieuwste deel van Marloes haar favoriete boekenserie is namelijk uit. Bovendien heeft de boekhandel vandaag een actie: de eerste 100 klanten krijgen het boek gratis. De winkel staat op het punt open te gaan en er staat al een grote menigte voor de deur. Marloes sluit achter aan en schat haar kansen in.	Marloes	is 	dolblij	wanneer ze na een uur wachten	de 100ste klant is en het boek gratis krijgt	18000	5000	15000	500	250	500	2000	2000	56	16	17	18	19	20	21	22
57	test.png	Martijn fietst door de stad naar de sportschool. Hij heeft een lange dag achter de rug en heeft zin om  intensief te sporten. Martijn is halverwege wanneer hij door een erg smal steegje fietst. Een bejaarde man loopt langzaam in dezelfde richting door het steegje. In het voorbijgaan schampt Martijn met zijn fiets de oude man. De man komt ten val en Martijn hoort hem kermen van de pijn.	Martijn beseft dat hij fout zat, maar doet alsof er niks gebeurd is en fietst door, laat een ander die ouwe helpen.	De volgende dag staat Martijn vroeg op. Hij heeft een sollicitatiegesprek bij een bedrijf voor een leidinggevende functie. Het bedrijf is gevestigd in een nabijgelegen stad, 20 kilometer verderop. Omdat Martijn geen rijbewijs heeft reist hij met openbaar vervoer. Hij wil voor de zekerheid een trein eerder nemen en zorgt dat hij op tijd op het station is.	Martijn	is 	euforisch	wanneer hij op het peroon komt en	de op tijd blijkt te zijn en het interview goed gaat	18000	5000	15000	500	250	500	2000	2000	57	16	17	18	19	20	21	22
58	test.png	Kirsten hangt wat rond met haar vrienden in het park. Ze drinken biertjes en zijn wat aangeschoten en baldadig. Een van Kirstens vrienden die meedrinkt begint opmerkingen te maken over mensen die langslopen. Eerst zachtjes, maar later steeds harder. Plotseling loopt een donkere jongen langs het groepje vrienden. Kirstens vriend roept een racistische opmerking naar de jongen en daagt hem uit.	Kirsten lacht lekker mee en doet er een schepje bovenop door de jongen ook uit te schelden en hem te bespugen.	De volgende dag gaat Kirsten naar de elektronicazaak. Ze heeft al een tijd een Ultra HD-tv op het oog en vandaag wil ze hem kopen. De tv is erg duur en Kirsten heeft er lang voor gespaard. Ze heeft de achterbank van haar auto vast naar beneden geklapt om ruimte te maken. Aangekomen bij de winkel vraagt Kirsten direct een medewerker naar de tv die ze wil.	Kirsten	voelt	blijdschap	wanneer in de winkel blijkt dat	de tv zelf in de aanbieding is en ze geld overhoudt	18000	5000	15000	500	250	500	2000	2000	58	16	17	18	19	20	21	22
59	test.png	Michael gaat met zijn vrienden naar een voetbalwedstrijd. Hun club speelt uit tegen de aartsrivaal. De sfeer is gespannen, want de winnaar heeft grote kans kampioen te worden. Ze komen in een vak met medesupporters te zitten. Voor aanvang wordt er om een minuut stilte gevraagd voor een overleden speler van de tegenpartij. Het is rumoerig in het vak en ook Michaels vrienden praten en lachen.	Michael heeft weinig respect voor de tegenstander en zet luidkeels het clublied in, en de rest zingt mee.	Een week later gaat Michael op vakantie. Hij vliegt 's ochtends vroeg naar Cyprus, waar hij een week in de zon wil liggen. Op internet heeft hij een goedkoop appartementje geboekt. De foto's van het appartement waren wat onduidelijk, maar Michael kon de aanbieding niet laten gaan. Eenmaal geland op Cyprus huurt Michael een auto en rijdt naar het appartement.	Michael	is 	verheugd	wanneer bij aankomst blijkt dat het	nog mooier is dan gedacht en het weer schitterend	18000	5000	15000	500	250	500	2000	2000	59	16	17	18	19	20	21	22
60	test.png	Claudia heeft boodschappen gedaan en loopt naar de auto. Ze laadt haar boodschappen in en stapt in. Claudia start de auto, zet de radio aan en geeft gas. Claudia heeft echter niet door dat de auto in zijn achteruit staat. De auto schiet naar achteren en knalt tegen de auto die erachter geparkeerd staat. Claudia stapt uit en ziet dat de auto achter haar erg beschadigd is, maar haar eigen auto niet	Claudia kijkt om zich heen, ziet dat gelukkig niemand het incident gezien heeft, stapt in en rijdt snel weg.	Die avond staat Claudia bij bioscoop Tuschinski in Amsterdam. Er is een grote internationale film premiraartekenre met veel beroemde acteurs. Claudia hoopt bij de rode loper een glimp van de sterren op te vangen. Tot de aanwezige sterren behoort ook Johnny Depp, een acteur die Claudia erg bewondert. Op een gegeven moment ziet Claudia hem op de rode loper verschijnen.	Claudia	is 	uitzinnig	als Johnny Depp vervolgens	rustig de tijd neemt om met haar te kletsen	18000	5000	15000	500	250	500	2000	2000	60	16	17	18	19	20	21	22
61	test.png	Patrick heeft sinds een jaar een eigen bedrijf. Het bedrijf is zo gegroeid dat Patrick een secretaresse nodig heeft. Hij heeft heel veel reacties gehad. Eraartekenn sollicitante steekt boven alle anderen uit door haar ervaring en opleiding. Patrick nodigt haar uit en is tijdens het gesprek erg enthousiast. Zijn zakenpartner wijst hem er later op dat ze wel wat ouder is en andere kandidaten er leuker uitzagen.	Patrick denkt nog eens na en besluit inderdaad dat hij liever een lekker ding heeft en neemt een ander aan.	Later die dag werkt Patrick aan een verslag voor een klant van  zijn bedrijf. Het is een eindrapportage van alle werkzaamheden. Het is een groot document geworden dat Patrick veel kostbare tijd heeft gekost. Wanneer Patrick de laatste punt neerzet, valt ineens de stroom uit. Patrick bedenkt zich dat hij tussendoor niet heeft gesaved en start de computer weer op.	Patrick	is 	opgelucht	wanneer het opnieuw opstarten blijkt	dat er eem automatische back-up beschikbaar is	18000	5000	15000	500	250	500	2000	2000	61	16	17	18	19	20	21	22
62	test.png	Larissa is lerares op een basisschool. Ze geeft les aan de bovenbouw, groep vijf en zes. Op een woensdagochtend heeft ze pleinwacht tijdens de pauze. Ze loopt grote rondes over het plein en houdt alles goed in de gaten. Af en toe spreekt ze een leerling aan, maar verder is het rustig. Dan ziet ze een stel groep 8 leerlingen aan de rand van het plein rommel staan gooien naar een vrouw die langsloopt.	Larissa wil ze tot de orde roepen, maar ziet dan dat het een moslimvrouw is en laat ze lekker hun gang gaan.	Later die week gaat Larissa naar de bank voor een afspraak. Ze wil haar hypotheek oversluiten en snapt niet veel van financiraartekenn, daarom wil ze persoonlijk advies. Ze loopt de bank binnen en gaat naar de balie om zich te melden. De receptioniste zegt haar plaats te nemen, ze komen haar zo halen. Larissa gaat zitten en leest een tijdschrift terwijl ze rustig wacht.	Larissa	is 	gerustgesteld	als ze twee uur later naar buiten loopt	met een nieuwe en zeer gunstige hypotheek	18000	5000	15000	500	250	500	2000	2000	62	16	17	18	19	20	21	22
63	test.png	Hendrik zit 's ochtends al vroeg op het kantoor. Hij is druk bezig met het tentamen schrijven dat zijn studenten volgende week moeten maken. Terwijl hij daar mee bezig is wordt er op de deur geklopt. Het is raartekenraartekenn van de studentes uit zijn werkgroep, een knappe verschijning. Het is al gauw duidelijk dat ze probeert Hendrik te verleiden om haar het tentamen in te laten zien. Ze zinspeelt op hoe dankbaar ze zou zijn.	Hendrik maakt misbruik van de situatie en belooft haar het tentamen als ze vanavond bij hem thuis komt.	Later die dag moet Hendrik college geven in een gebouw buiten de binnenstad. Hij pakt de fiets daarheen en trapt stevig door. Op een gegeven moment fietst hij op een drukke kruising af en stopt hij voor het licht. Even later springt het op groen en Hendrik steekt over. Halverwege de kruising vliegt de ketting er ineens af en staat hij midden op de kruising stil.	Hendrik	is 	dankbaar	als de auto's die nu groen hebben	rustig wachten en hem vriendelijk de tijd geven	18000	5000	15000	500	250	500	2000	2000	63	16	17	18	19	20	21	22
64	test.png	Adriana loopt door het bos op een zondagochtend. Het is vroeg in de herfst en de bladeren beginnen net te verkleuren. Ze heeft onderweg koffie gehaald bij de enige koffiezaak die op een zondagochtend open is. Terwijl ze wandelt, neemt ze af en toe een slokje. Ze loopt graag in dit bos, het is redelijk groot en ze komt doordeweeks niet veel buiten. Halverwege haar gewone route heeft ze haar koffie op.	Adriana gooit het bekertje in de bosjes en loopt rustig verder, iemand anders raapt het vast wel weer op.	Een uur later loopt Adriana nog steeds in het bos. Ze is ondertussen een heel eind bij de auto vandaan, maar ze is nog lang niet moe. Dan komt haar voet ineens in een gat terecht en verzwikt ze haar enkel. Ze voelt een scherpe pijn en valt om omdat ze niet meer op dat been kan staan. De pijn bonst stug door in haar enkel en ze kan niet anders dan langs het pad blijven zitten.	Adriana	voelt	blijdschap	als er even later iemand langskomt	die haar vriendelijk naar de auto helpt	18000	5000	15000	500	250	500	2000	2000	64	16	17	18	19	20	21	22
